[
    {
        "uid": "0002076e-f66f-42fd-8296-3e632a2811ed",
        "kind": "Creek",
        "x": 906.9001944728808,
        "y": 1124.9953266635382
    },
    {
        "uid": "208cf281-c25d-4dea-8c45-6567f6d9c7c3",
        "kind": "Creek",
        "x": 553.1508347290716,
        "y": 816.4077684621105
    },
    {
        "uid": "3ac1e9b1-d810-4b0d-b13d-651f44da8ad1",
        "kind": "Creek",
        "x": 851.6561156467033,
        "y": 313.4953335592853
    },
    {
        "uid": "5f9460c9-d46f-4e3c-807c-e0924bf2fe5d",
        "kind": "Creek",
        "x": 725.7259213615976,
        "y": 1329.8111539792703
    },
    {
        "uid": "b17da7d5-fd16-4a8c-a34e-72af3eeed11f",
        "kind": "Creek",
        "x": 553.5965562432807,
        "y": 732.2381657892128
    },
    {
        "uid": "b711945d-6154-49bc-9360-4ced3f853dc0",
        "kind": "Creek",
        "x": 504.07293727619333,
        "y": 1088.2681506073056
    },
    {
        "uid": "fc122d8b-5ce7-4fc4-8819-a59675d2ccd2",
        "kind": "EmergencySite",
        "x": 1092.6842850492694,
        "y": 434.529251387242
    },
    {
        "uid": "19d457d8-c73f-4047-9d55-308bc058b4ce",
        "kind": "Creek",
        "x": 844.2783006558153,
        "y": 1203.1805637319912
    },
    {
        "uid": "f8c60ffe-fbdc-472e-ac49-86a00e2c9c7a",
        "kind": "Creek",
        "x": 1015.1779553502986,
        "y": 890.4612485669979
    },
    {
        "uid": "299cea32-7b0a-4e54-b96d-f29b189d5cb5",
        "kind": "Creek",
        "x": 922.0105184324042,
        "y": 277.7085813120632
    },
    {
        "uid": "249bcf57-728f-44b7-a8f5-2a57a0f215fb",
        "kind": "Creek",
        "x": 560.247106714227,
        "y": 765.8454474411957
    }
]